,instance,nodes,optgap,best_bound
0,large_scale/knapPI_1_100_1000_1,6514,0.0008290518769167585,45201.44329896907
